{"cameraMode":{"drawMode":0,"name":"Shaded","section":"Shading Mode"},"sceneLighting":true,"audioPlay":false,"sceneViewState":{"showFog":true,"showMaterialUpdate":false,"showSkybox":true,"showFlares":true,"showImageEffects":true,"showParticleSystems":true},"in2DMode":false,"pivot":{"x":38.194969177246097,"y":4.861402988433838,"z":37.54658126831055},"rotation":{"x":-0.10580535233020783,"y":-0.7062780857086182,"z":0.10805182158946991,"w":-0.6915934085845947},"size":10.0,"orthographic":false}